Timestamp,User Count,Type,Name,Requests/s,Failures/s,50%,66%,75%,80%,90%,95%,98%,99%,99.9%,99.99%,100%,Total Request Count,Total Failure Count,Total Median Response Time,Total Average Response Time,Total Min Response Time,Total Max Response Time,Total Average Content Size
1668361926,0,,Aggregated,0.000000,0.000000,N/A,N/A,N/A,N/A,N/A,N/A,N/A,N/A,N/A,N/A,N/A,0,0,0,0,0,0,0
1668361927,1,,Aggregated,0.000000,0.000000,66,68,240,240,380,380,380,380,380,380,380,8,0,55,119.43675000000002,46.2185,378.0902,78.0
1668361928,2,,Aggregated,0.000000,0.000000,56,61,68,70,71,95,380,380,380,380,380,42,0,56,70.17824285714285,43.35549999999988,378.0902,78.0
1668361929,4,,Aggregated,7.000000,0.000000,54,57,60,62,70,78,240,380,380,380,380,97,0,54,60.89878350515464,41.86909999999999,378.0902,78.0
1668361930,5,,Aggregated,19.000000,0.000000,54,57,61,65,72,79,95,240,380,380,380,165,0,54,60.0985090909091,41.86909999999999,378.0902,78.0
1668361931,6,,Aggregated,30.333333,0.000000,56,61,67,70,79,88,110,130,380,380,380,239,0,56,62.16669246861922,41.86909999999999,378.0902,78.0
1668361932,7,,Aggregated,38.750000,0.000000,59,67,71,78,88,100,310,310,380,380,380,298,0,58,69.59973859060402,41.86909999999999,378.0902,78.0
1668361933,8,,Aggregated,45.800000,0.000000,61,71,79,82,95,110,240,310,380,380,380,379,0,61,72.40920422163587,41.86909999999999,378.0902,78.0
1668361934,9,,Aggregated,48.166667,0.000000,67,80,87,92,110,130,190,310,380,380,380,463,0,67,77.2437205183585,41.86909999999999,378.0902,78.0
1668361935,10,,Aggregated,53.285714,0.000000,70,84,94,99,120,160,220,310,380,380,380,543,0,70,82.20853167587478,41.86909999999999,378.0902,78.0
1668361936,11,,Aggregated,56.250000,0.000000,76,91,100,110,140,170,210,310,380,380,380,619,0,76,87.6625256865913,41.86909999999999,378.0902,78.0
1668361937,12,,Aggregated,58.777778,0.000000,81,97,110,120,150,190,300,340,420,420,420,688,0,81,95.09236918604655,41.86909999999999,418.4570000000001,78.0
1668361938,13,,Aggregated,60.800000,0.000000,85,100,120,130,160,210,310,340,420,420,420,762,0,85,101.56756036745404,41.86909999999999,418.4570000000001,78.0
1668361939,14,,Aggregated,66.800000,0.000000,91,110,130,140,180,210,310,340,420,420,420,850,0,91,106.3094931764706,41.86909999999999,418.4570000000001,78.0
1668361940,15,,Aggregated,70.900000,0.000000,97,120,130,150,170,210,300,320,420,420,420,943,0,97,109.5600926829268,41.86909999999999,418.4570000000001,78.0
1668361941,16,,Aggregated,74.300000,0.000000,100,130,150,160,180,220,300,320,380,420,420,1031,0,100.0,115.02530591658581,41.86909999999999,418.4570000000001,78.0
1668361942,17,,Aggregated,77.800000,0.000000,110,130,150,170,200,260,330,370,510,510,510,1097,0,110.0,122.85827830446668,41.86909999999999,511.8402,78.0
1668361943,18,,Aggregated,79.100000,0.000000,110,150,160,170,210,270,320,370,510,510,510,1186,0,110.0,128.16635362563233,41.86909999999999,511.8402,78.0
1668361944,19,,Aggregated,78.900000,0.000000,120,150,170,180,220,270,320,360,510,510,510,1277,0,120.0,132.92864017227873,41.86909999999999,511.8402,78.0
1668361945,20,,Aggregated,79.400000,0.000000,130,160,180,190,230,270,320,350,510,510,510,1360,0,130.0,137.22702014705885,41.86909999999999,511.8402,78.0
1668361946,21,,Aggregated,80.800000,0.000000,130,160,180,190,230,270,320,380,1200,1400,1400,1451,0,130.0,143.34168704341837,41.86909999999999,1366.1531000000018,78.0
1668361947,22,,Aggregated,81.400000,0.000000,130,170,190,200,240,290,380,480,1200,1400,1400,1532,0,130.0,149.2180953655353,41.86909999999999,1366.1531000000018,78.0
1668361948,23,,Aggregated,82.400000,0.000000,140,180,200,220,250,290,370,460,1200,1400,1400,1619,0,140.0,154.733567016677,41.86909999999999,1366.1531000000018,78.0
1668361949,24,,Aggregated,84.000000,0.000000,150,190,210,230,260,290,360,450,1200,1400,1400,1706,0,150.0,160.153725087925,41.86909999999999,1366.1531000000018,78.0
1668361950,25,,Aggregated,85.500000,0.000000,150,200,230,240,270,290,350,450,1200,1400,1400,1795,0,150.0,165.4419174373261,41.86909999999999,1366.1531000000018,78.0
1668361951,26,,Aggregated,85.500000,0.000000,160,210,240,250,280,300,340,450,1200,1400,1400,1881,0,160.0,170.74327687400324,41.86909999999999,1366.1531000000018,78.0
1668361952,27,,Aggregated,84.500000,0.000000,160,210,250,260,280,310,420,500,1200,1400,1400,1965,0,160.0,176.95558162849878,41.86909999999999,1366.1531000000018,78.0
1668361953,28,,Aggregated,84.500000,0.000000,170,230,250,270,290,310,420,500,1200,1400,1400,2054,0,170.0,182.44984157740998,41.86909999999999,1366.1531000000018,78.0
1668361954,29,,Aggregated,86.700000,0.000000,180,240,260,270,300,320,420,490,1200,1400,1400,2139,0,180.0,187.5106633006078,41.86909999999999,1366.1531000000018,78.0
1668361955,30,,Aggregated,86.800000,0.000000,180,240,270,280,310,340,420,490,1200,1400,1400,2223,0,180.0,193.29813144399452,41.86909999999999,1366.1531000000018,78.0
1668361956,31,,Aggregated,86.500000,0.000000,190,250,280,290,320,350,420,490,1400,1500,1500,2314,0,190.0,199.2470171996543,41.86909999999999,1461.649600000001,78.0
1668361957,32,,Aggregated,85.800000,0.000000,190,260,280,290,320,370,470,560,1400,1500,1500,2400,0,190.0,204.5386075,41.86909999999999,1461.649600000001,78.0
1668361958,33,,Aggregated,86.100000,0.000000,200,260,290,300,340,380,460,550,1400,1500,1500,2490,0,200.0,210.0736489156626,41.86909999999999,1461.649600000001,78.0
1668361959,34,,Aggregated,86.600000,0.000000,210,270,300,310,350,390,460,550,1400,1500,1500,2580,0,210.0,215.73249782945712,41.86909999999999,1461.649600000001,78.0
1668361960,35,,Aggregated,86.800000,0.000000,220,280,300,320,360,390,450,540,1400,1500,1500,2671,0,220.0,220.93835851740886,41.86909999999999,1461.649600000001,78.0
1668361961,36,,Aggregated,86.700000,0.000000,230,280,310,330,370,400,460,540,1400,1500,1500,2761,0,230.0,226.56435563201705,41.86909999999999,1461.649600000001,78.0
1668361962,37,,Aggregated,86.900000,0.000000,230,290,320,340,380,410,510,590,1400,1500,1500,2848,0,230.0,231.9015765449435,41.86909999999999,1461.649600000001,78.0
1668361963,38,,Aggregated,87.000000,0.000000,240,290,330,350,390,430,510,580,1400,1500,1500,2930,0,240.0,237.47618822525578,41.86909999999999,1461.649600000001,78.0
1668361964,39,,Aggregated,87.700000,0.000000,250,300,340,360,400,430,500,580,1200,1500,1500,3024,0,250.0,242.91875357142848,41.86909999999999,1461.649600000001,78.0
1668361965,40,,Aggregated,87.400000,0.000000,240,300,340,360,400,450,520,590,1200,1500,1500,3181,0,240.0,243.95030745048714,41.86909999999999,1461.649600000001,78.0
1668361966,41,,Aggregated,87.700000,0.000000,230,290,330,350,400,440,510,590,1400,1700,1700,3451,0,230.0,237.22960011590862,41.86909999999999,1663.977299999999,78.0
1668361967,42,,Aggregated,91.400000,0.000000,210,280,320,350,400,430,500,580,1400,1700,1700,3742,0,210.0,229.8259119989312,41.86909999999999,1663.977299999999,78.0
1668361968,43,,Aggregated,106.600000,0.000000,200,270,310,340,390,430,500,580,1400,1700,1700,4043,0,200.0,223.05577872866706,41.86909999999999,1663.977299999999,78.0
1668361969,44,,Aggregated,128.500000,0.000000,190,260,300,330,390,420,490,570,1400,1700,1700,4334,0,190.0,217.74110080756856,41.86909999999999,1663.977299999999,78.0
1668361970,45,,Aggregated,147.800000,0.000000,180,250,290,320,380,420,490,560,1400,1700,1700,4639,0,180.0,212.83680868721757,41.86909999999999,1663.977299999999,78.0
1668361971,46,,Aggregated,168.100000,0.000000,170,240,290,310,380,420,480,550,1400,1700,1700,4928,0,170.0,209.5232638798708,41.86909999999999,1663.977299999999,78.0
1668361972,47,,Aggregated,190.900000,0.000000,170,230,280,310,370,420,480,550,1200,1700,1700,5228,0,170.0,206.15966826702422,41.86909999999999,1663.977299999999,78.0
1668361973,48,,Aggregated,210.700000,0.000000,170,220,270,300,370,410,480,540,1200,1700,1700,5539,0,170.0,203.19215296985078,41.86909999999999,1663.977299999999,78.0
1668361974,49,,Aggregated,232.100000,0.000000,160,220,270,290,370,410,470,540,1200,1700,1700,5831,0,160.0,201.0909159663871,41.86909999999999,1663.977299999999,78.0
1668361975,50,,Aggregated,252.900000,0.000000,160,210,260,290,360,410,470,530,1200,1700,1700,6141,0,160.0,199.024007734897,41.86909999999999,1663.977299999999,78.0
1668361976,51,,Aggregated,273.700000,0.000000,160,210,250,280,360,400,460,520,1200,1700,1700,6434,0,160.0,197.66770836182855,41.86909999999999,1663.977299999999,78.0
1668361977,52,,Aggregated,293.200000,0.000000,160,200,250,280,360,400,460,520,1200,1700,1700,6746,0,160.0,196.15939066113353,41.86909999999999,1663.977299999999,78.0
1668361978,53,,Aggregated,296.700000,0.000000,160,200,250,270,350,400,460,510,1200,1700,1700,7049,0,160.0,195.10614897148614,41.86909999999999,1663.977299999999,78.0
1668361979,54,,Aggregated,296.100000,0.000000,160,200,240,270,350,400,460,510,1200,1700,1700,7348,0,160.0,193.98194593086657,41.86909999999999,1663.977299999999,78.0
1668361980,55,,Aggregated,298.700000,0.000000,160,200,240,270,350,390,450,500,1200,1700,1700,7660,0,160.0,193.198398694518,41.86909999999999,1663.977299999999,78.0
1668361981,56,,Aggregated,298.700000,0.000000,160,200,240,260,340,390,450,500,1200,1700,1700,7950,0,160.0,192.89860116981237,41.86909999999999,1663.977299999999,78.0
1668361982,57,,Aggregated,298.800000,0.000000,160,200,230,260,340,390,450,500,1000,1700,1700,8284,0,160.0,191.96869314340978,41.86909999999999,1663.977299999999,78.0
1668361983,58,,Aggregated,300.000000,0.000000,160,200,230,260,340,390,450,500,1000,1700,1700,8577,0,160.0,191.8760451789679,41.86909999999999,1663.977299999999,78.0
1668361984,59,,Aggregated,302.000000,0.000000,160,200,230,260,330,390,440,490,1000,1700,1700,8907,0,160.0,191.25009162456556,41.86909999999999,1663.977299999999,78.0
1668361985,60,,Aggregated,303.100000,0.000000,160,200,230,250,330,390,440,490,720,1700,1700,9209,0,160.0,191.21035192746297,41.86909999999999,1663.977299999999,78.0
1668361986,61,,Aggregated,305.100000,0.000000,170,200,230,250,330,380,440,490,720,1700,1700,9507,0,170.0,191.48615276112398,41.86909999999999,1663.977299999999,78.0
1668361987,62,,Aggregated,304.300000,0.000000,170,200,230,250,330,380,430,480,720,1700,1700,9824,0,170.0,191.68060658591284,41.86909999999999,1663.977299999999,78.0
1668361988,63,,Aggregated,307.800000,0.000000,170,200,230,250,320,380,430,480,700,1700,1700,10121,0,170.0,192.02559861673814,41.86909999999999,1663.977299999999,78.0
1668361989,64,,Aggregated,307.100000,0.000000,170,200,230,250,320,380,430,480,700,1700,1700,10437,0,170.0,192.3087026731827,41.86909999999999,1663.977299999999,78.0
1668361990,65,,Aggregated,307.600000,0.000000,170,200,230,250,320,380,430,480,700,1700,1700,10742,0,170.0,192.68157676410425,41.86909999999999,1663.977299999999,78.0
1668361991,66,,Aggregated,308.200000,0.000000,170,200,230,250,320,380,430,480,720,1700,1700,11079,0,170.0,192.87673088726513,41.86909999999999,1663.977299999999,78.0
1668361992,67,,Aggregated,308.300000,0.000000,170,200,230,250,310,370,430,480,720,1700,1700,11478,0,170.0,192.30192273044165,41.86909999999999,1663.977299999999,78.0
1668361993,68,,Aggregated,310.300000,0.000000,170,200,230,250,310,370,420,470,720,1700,1700,11810,0,170.0,192.1383492633368,41.86909999999999,1663.977299999999,78.0
1668361994,69,,Aggregated,314.000000,0.000000,170,200,230,250,310,370,420,470,700,1700,1700,12217,0,170.0,191.39779488417793,41.86909999999999,1663.977299999999,78.0
1668361995,70,,Aggregated,315.000000,0.000000,170,200,230,250,310,370,420,470,700,1700,1700,12606,0,170.0,190.93816101062953,41.86909999999999,1663.977299999999,78.0
1668361996,71,,Aggregated,321.700000,0.000000,170,200,230,240,300,370,420,470,700,1700,1700,12988,0,170.0,190.6235433015085,41.86909999999999,1663.977299999999,78.0
1668361997,72,,Aggregated,332.400000,0.000000,170,200,230,240,300,370,420,460,700,1700,1700,13378,0,170.0,190.38170094931897,41.86909999999999,1663.977299999999,78.0
1668361998,73,,Aggregated,340.900000,0.000000,170,200,230,240,300,360,420,460,700,1700,1700,13745,0,170.0,190.63421615860233,41.86909999999999,1663.977299999999,78.0
1668361999,74,,Aggregated,347.900000,0.000000,170,200,230,240,300,360,420,460,690,1700,1700,14096,0,170.0,190.72038966373339,41.86909999999999,1663.977299999999,78.0
1668362000,75,,Aggregated,354.400000,0.000000,170,200,230,240,300,360,420,460,690,1700,1700,14472,0,170.0,190.9321813087332,41.86909999999999,1663.977299999999,78.0
1668362001,76,,Aggregated,359.700000,0.000000,170,200,230,240,300,360,420,470,720,1700,1700,14827,0,170.0,191.3353557901118,41.86909999999999,1663.977299999999,78.0
1668362002,77,,Aggregated,364.000000,0.000000,170,200,230,240,300,360,420,470,720,1700,1700,15214,0,170.0,191.49075628368536,41.86909999999999,1663.977299999999,78.0
1668362003,78,,Aggregated,369.600000,0.000000,170,200,220,240,300,360,420,460,720,1700,1700,15629,0,170.0,191.38126567918547,41.86909999999999,1663.977299999999,78.0
1668362004,79,,Aggregated,368.100000,0.000000,170,200,220,240,300,360,420,460,710,1700,1700,16028,0,170.0,191.32821433116987,41.86909999999999,1663.977299999999,78.0
1668362005,80,,Aggregated,377.100000,0.000000,170,200,220,240,300,360,420,460,710,1700,1700,16398,0,170.0,191.64290170752483,41.86909999999999,1663.977299999999,78.0
1668362006,81,,Aggregated,378.900000,0.000000,170,200,230,240,300,360,420,460,710,1700,1700,16753,0,170.0,192.30327259595254,41.86909999999999,1663.977299999999,78.0
1668362007,82,,Aggregated,378.900000,0.000000,180,200,230,250,300,360,420,460,700,1700,1700,17087,0,180.0,193.20832960145103,41.86909999999999,1663.977299999999,78.0
1668362008,83,,Aggregated,375.100000,0.000000,180,200,230,250,300,360,420,460,720,2300,2500,17431,0,180.0,193.97884635419595,41.86909999999999,2469.941200000008,78.0
1668362009,84,,Aggregated,374.100000,0.000000,180,210,230,250,300,360,420,460,720,2300,2500,17830,0,180.0,194.29796664049312,41.86909999999999,2469.941200000008,78.0
1668362010,85,,Aggregated,369.200000,0.000000,180,210,230,250,300,360,420,460,710,2300,2500,18244,0,180.0,194.6156020116199,41.86909999999999,2469.941200000008,78.0
1668362011,86,,Aggregated,367.200000,0.000000,180,210,230,250,300,360,420,460,710,2300,2500,18642,0,180.0,195.17669949576194,41.86909999999999,2469.941200000008,78.0
1668362012,87,,Aggregated,371.500000,0.000000,180,210,230,250,300,360,420,460,700,2300,2500,19032,0,180.0,195.39194771437553,41.86909999999999,2469.941200000008,78.0
1668362013,88,,Aggregated,372.500000,0.000000,180,210,230,250,300,360,420,460,700,2300,2500,19472,0,180.0,195.6288433853737,41.86909999999999,2469.941200000008,78.0
1668362014,89,,Aggregated,375.100000,0.000000,180,210,230,250,300,360,420,460,700,2300,2500,19894,0,180.0,195.77220286015876,41.86909999999999,2469.941200000008,78.0
1668362015,90,,Aggregated,374.800000,0.000000,180,210,230,250,300,360,420,460,700,1700,2500,20305,0,180.0,196.05845498153155,41.86909999999999,2469.941200000008,78.0
1668362016,91,,Aggregated,379.000000,0.000000,180,210,230,250,300,360,420,460,700,1700,2500,20695,0,180.0,196.63326935974874,41.86909999999999,2469.941200000008,78.0
1668362017,92,,Aggregated,377.000000,0.000000,180,210,230,250,300,360,420,460,690,1700,2500,21132,0,180.0,196.7762492475864,41.86909999999999,2469.941200000008,78.0
1668362018,93,,Aggregated,383.100000,0.000000,180,210,230,250,300,360,420,460,690,1700,2500,21556,0,180.0,197.07506201057697,41.86909999999999,2469.941200000008,78.0
1668362019,94,,Aggregated,389.500000,0.000000,180,210,230,250,300,360,420,460,690,1700,2500,21986,0,180.0,197.3788032793596,41.86909999999999,2469.941200000008,78.0
1668362020,95,,Aggregated,398.400000,0.000000,180,210,230,250,300,360,420,460,690,1700,2500,22437,0,180.0,197.92817467575907,41.86909999999999,2469.941200000008,78.0
1668362021,96,,Aggregated,406.600000,0.000000,180,210,230,250,300,360,420,460,690,1700,2500,22851,0,180.0,198.56866497308687,41.86909999999999,2469.941200000008,78.0
1668362023,97,,Aggregated,407.700000,0.000000,180,210,230,250,310,360,420,460,680,1700,2500,23239,0,180.0,199.07255896983554,41.86909999999999,2469.941200000008,78.0
1668362024,98,,Aggregated,413.300000,0.000000,180,210,230,250,310,360,420,460,680,1700,2500,23675,0,180.0,199.53799272650465,41.86909999999999,2469.941200000008,78.0
1668362025,99,,Aggregated,410.100000,0.000000,180,210,240,250,310,360,420,470,680,1700,2500,24105,0,180.0,200.0483315328769,41.86909999999999,2469.941200000008,78.0
1668362026,100,,Aggregated,408.600000,0.000000,180,210,240,250,310,360,420,470,690,1700,2500,24569,0,180.0,200.66289550653264,41.86909999999999,2469.941200000008,78.0
1668362027,100,,Aggregated,411.900000,0.000000,180,210,240,250,310,360,420,470,690,1700,2500,25040,0,180.0,200.71264821884938,41.86909999999999,2469.941200000008,78.0
1668362028,100,,Aggregated,412.900000,0.000000,180,210,240,250,310,360,420,470,690,1700,2500,25517,0,180.0,200.86539295371654,41.86909999999999,2469.941200000008,78.0
1668362029,100,,Aggregated,418.800000,0.000000,180,210,240,250,310,360,420,470,690,1700,2500,25963,0,180.0,201.12151356160663,41.86909999999999,2469.941200000008,78.0
1668362030,100,,Aggregated,419.800000,0.000000,180,210,240,250,310,360,420,470,680,1700,2500,26450,0,180.0,201.18905117958397,41.86909999999999,2469.941200000008,78.0
1668362031,100,,Aggregated,423.100000,0.000000,180,210,240,250,310,360,420,470,680,1700,2500,26919,0,180.0,201.32554002005986,41.86909999999999,2469.941200000008,78.0
1668362032,100,,Aggregated,427.700000,0.000000,180,210,240,250,310,360,420,470,680,1700,2500,27378,0,180.0,201.47412752209763,41.86909999999999,2469.941200000008,78.0
1668362033,100,,Aggregated,434.500000,0.000000,180,210,240,250,310,360,420,470,680,1700,2500,27816,0,180.0,201.76111632873133,41.86909999999999,2469.941200000008,78.0
1668362034,100,,Aggregated,439.800000,0.000000,180,210,240,250,310,360,420,470,680,1700,2500,28315,0,180.0,201.85358037082815,41.86909999999999,2469.941200000008,78.0
1668362035,100,,Aggregated,443.400000,0.000000,180,210,240,250,310,360,420,470,680,1700,2500,28799,0,180.0,202.05437425605038,41.86909999999999,2469.941200000008,78.0
1668362036,100,,Aggregated,449.900000,0.000000,180,210,240,250,310,360,420,470,680,1700,2500,29286,0,180.0,202.22699868879354,41.86909999999999,2469.941200000008,78.0
1668362037,100,,Aggregated,452.300000,0.000000,180,210,240,250,300,360,420,470,680,1700,2500,29743,0,180.0,202.16029884006355,41.86909999999999,2469.941200000008,78.0
1668362038,100,,Aggregated,452.600000,0.000000,190,210,240,250,300,360,420,470,680,1700,2500,30225,0,190.0,202.35110476757683,41.86909999999999,2469.941200000008,78.0
1668362039,100,,Aggregated,450.800000,0.000000,190,220,240,250,300,360,420,460,680,1700,2500,30717,0,190.0,202.54566530911268,41.86909999999999,2469.941200000008,78.0
1668362040,100,,Aggregated,453.300000,0.000000,190,220,240,250,300,350,410,460,670,1700,2500,31189,0,190.0,202.66178760781114,41.86909999999999,2469.941200000008,78.0
1668362041,100,,Aggregated,450.500000,0.000000,190,220,240,250,300,350,410,460,670,1700,2500,31673,0,190.0,202.8065271019489,41.86909999999999,2469.941200000008,78.0
1668362042,100,,Aggregated,450.100000,0.000000,190,220,240,250,300,350,410,460,670,1700,2500,32095,0,190.0,203.0257942078215,41.86909999999999,2469.941200000008,78.0
1668362043,100,,Aggregated,448.000000,0.000000,190,220,240,250,300,350,410,460,670,1700,2500,32550,0,190.0,203.22987041781968,41.86909999999999,2469.941200000008,78.0
1668362044,100,,Aggregated,440.700000,0.000000,190,220,240,250,300,350,410,460,670,1700,2500,32994,0,190.0,203.40470167000146,41.86909999999999,2469.941200000008,78.0
1668362045,100,,Aggregated,449.300000,0.000000,190,220,240,250,300,350,410,460,660,1700,2500,33454,0,190.0,203.54829177676874,41.86909999999999,2469.941200000008,78.0
1668362046,100,,Aggregated,445.000000,0.000000,190,220,240,250,300,350,410,460,660,1700,2500,33925,0,190.0,203.56069152247673,41.86909999999999,2469.941200000008,78.0
1668362047,100,,Aggregated,445.500000,0.000000,190,220,240,250,300,350,410,460,660,1700,2500,34400,0,190.0,203.72706705814,41.86909999999999,2469.941200000008,78.0
1668362048,100,,Aggregated,448.700000,0.000000,190,220,240,250,300,350,410,460,660,1700,2500,34855,0,190.0,203.82561641658316,41.86909999999999,2469.941200000008,78.0
1668362049,100,,Aggregated,449.300000,0.000000,190,220,240,250,300,350,410,460,660,1700,2500,35331,0,190.0,204.00198432821065,41.86909999999999,2469.941200000008,78.0
1668362051,100,,Aggregated,450.000000,0.000000,190,220,240,250,300,350,410,460,660,1700,2500,35843,0,190.0,204.01202456267623,41.86909999999999,2469.941200000008,78.0
1668362052,100,,Aggregated,449.400000,0.000000,190,220,240,250,300,350,410,460,650,1700,2500,36269,0,190.0,204.02366007609814,41.86909999999999,2469.941200000008,78.0
1668362053,100,,Aggregated,455.500000,0.000000,190,220,240,250,300,350,410,460,650,1700,2500,36754,0,190.0,204.24310440224212,41.86909999999999,2469.941200000008,78.0
1668362054,100,,Aggregated,457.500000,0.000000,190,220,240,250,300,350,410,460,650,1700,2500,37262,0,190.0,204.79621990768115,41.86909999999999,2469.941200000008,78.0
1668362055,100,,Aggregated,455.400000,0.000000,190,220,240,250,300,350,410,460,650,1700,2500,37691,0,190.0,205.02831962272194,41.86909999999999,2469.941200000008,78.0
1668362056,100,,Aggregated,451.300000,0.000000,190,220,240,250,300,350,410,460,650,1700,2500,38167,0,190.0,205.1069947965523,41.86909999999999,2469.941200000008,78.0
1668362057,100,,Aggregated,444.500000,0.000000,190,220,240,250,300,350,410,460,650,1700,2500,38596,0,190.0,205.34502915587143,41.86909999999999,2469.941200000008,78.0
1668362058,100,,Aggregated,442.400000,0.000000,190,220,240,260,300,350,410,460,650,1700,2500,39051,0,190.0,205.54393143837584,41.86909999999999,2469.941200000008,78.0
1668362059,100,,Aggregated,439.500000,0.000000,190,220,240,260,300,350,410,460,650,1700,2500,39509,0,190.0,205.69705930800598,41.86909999999999,2469.941200000008,78.0
1668362060,100,,Aggregated,433.700000,0.000000,190,220,240,260,300,350,410,450,650,1700,2500,39965,0,190.0,205.77083286125364,41.86909999999999,2469.941200000008,78.0
1668362061,100,,Aggregated,436.000000,0.000000,190,220,240,260,310,350,410,450,650,1600,2500,40385,0,190.0,205.91306961990827,41.86909999999999,2469.941200000008,78.0
1668362062,100,,Aggregated,438.400000,0.000000,190,220,240,260,310,350,410,450,650,1600,2500,40795,0,190.0,206.42030756465257,41.86909999999999,2469.941200000008,78.0
1668362063,100,,Aggregated,430.500000,0.000000,190,220,240,260,310,350,410,450,650,1600,2500,41189,0,190.0,206.66960995168543,41.86909999999999,2469.941200000008,78.0
1668362064,100,,Aggregated,430.900000,0.000000,190,220,240,260,310,350,410,450,650,1600,2500,41638,0,190.0,206.71363019837585,41.86909999999999,2469.941200000008,78.0
1668362065,100,,Aggregated,423.500000,0.000000,190,220,240,260,310,350,410,450,650,1600,2500,42093,0,190.0,206.83930067231978,41.86909999999999,2469.941200000008,78.0
1668362066,100,,Aggregated,426.600000,0.000000,190,220,240,260,310,350,410,450,650,1600,2500,42544,0,190.0,206.86780035022434,41.86909999999999,2469.941200000008,78.0
1668362067,100,,Aggregated,430.500000,0.000000,190,220,240,260,310,350,410,450,650,1600,2500,43019,0,190.0,206.85376855575313,41.86909999999999,2469.941200000008,78.0
1668362068,100,,Aggregated,432.800000,0.000000,190,220,240,260,310,350,410,450,650,1600,2500,43512,0,190.0,206.960085070784,41.86909999999999,2469.941200000008,78.0
1668362069,100,,Aggregated,432.700000,0.000000,190,220,240,260,310,350,410,450,650,1600,2500,44001,0,190.0,206.97156878252653,41.86909999999999,2469.941200000008,78.0
1668362070,100,,Aggregated,439.500000,0.000000,190,220,240,260,310,350,410,450,650,1600,2500,44481,0,190.0,206.88047518266106,41.86909999999999,2469.941200000008,78.0
1668362071,100,,Aggregated,438.600000,0.000000,190,220,240,260,310,350,410,450,650,1600,2500,44986,0,190.0,206.86255123371632,41.86909999999999,2469.941200000008,78.0
1668362072,100,,Aggregated,438.500000,0.000000,190,220,240,260,300,350,410,450,650,1600,2500,45466,0,190.0,206.86350491796026,41.86909999999999,2469.941200000008,78.0
1668362073,100,,Aggregated,442.000000,0.000000,190,220,240,260,300,350,410,450,650,1600,2500,45933,0,190.0,206.77479947967646,41.86909999999999,2469.941200000008,78.0
1668362074,100,,Aggregated,451.100000,0.000000,190,220,240,260,300,350,410,450,650,1600,2500,46373,0,190.0,206.80972209044035,41.86909999999999,2469.941200000008,78.0
1668362075,100,,Aggregated,454.700000,0.000000,190,220,240,260,300,350,410,450,650,1600,2500,46832,0,190.0,206.91066748377173,41.86909999999999,2469.941200000008,78.0
1668362076,100,,Aggregated,458.900000,0.000000,190,220,240,260,300,350,410,450,650,1600,2500,47273,0,190.0,206.99526636134792,41.86909999999999,2469.941200000008,78.0
1668362077,100,,Aggregated,458.000000,0.000000,190,220,240,260,300,350,410,450,650,1600,2500,47707,0,190.0,207.2059946506808,41.86909999999999,2469.941200000008,78.0
1668362079,100,,Aggregated,457.900000,0.000000,190,220,240,260,300,350,410,450,640,1600,2500,48172,0,190.0,207.2662819189577,41.86909999999999,2469.941200000008,78.0
1668362080,100,,Aggregated,451.300000,0.000000,190,220,240,260,300,350,410,450,640,1600,2500,48628,0,190.0,207.30841955457817,41.86909999999999,2469.941200000008,78.0
1668362081,100,,Aggregated,453.200000,0.000000,190,220,240,260,310,350,410,450,640,1600,2500,49087,0,190.0,207.67902064090327,41.86909999999999,2469.941200000008,78.0
1668362082,100,,Aggregated,448.600000,0.000000,190,220,240,260,300,350,410,450,640,1600,2500,49537,0,190.0,207.64992674970273,41.86909999999999,2469.941200000008,78.0
1668362083,100,,Aggregated,443.200000,0.000000,190,220,240,260,300,350,410,450,640,1600,2500,50000,0,190.0,207.76112628800064,41.86909999999999,2469.941200000008,78.0
1668362084,100,,Aggregated,437.200000,0.000000,190,220,240,260,300,350,410,450,640,1500,2500,50465,0,190.0,207.8936247755875,41.86909999999999,2469.941200000008,78.0
1668362085,100,,Aggregated,439.100000,0.000000,190,220,240,260,300,350,410,450,640,1500,2500,50933,0,190.0,207.82795462077678,41.86909999999999,2469.941200000008,78.0
1668362086,100,,Aggregated,433.800000,0.000000,190,220,240,260,300,350,410,450,640,1500,2500,51422,0,190.0,207.81265484617526,41.86909999999999,2469.941200000008,78.0
1668362087,100,,Aggregated,436.800000,0.000000,190,220,240,260,300,350,410,450,640,1500,2500,51879,0,190.0,207.8031372038789,41.86909999999999,2469.941200000008,78.0
1668362088,100,,Aggregated,439.300000,0.000000,190,220,240,260,300,350,400,450,640,1500,2500,52346,0,190.0,207.87802109807888,41.86909999999999,2469.941200000008,78.0
1668362089,100,,Aggregated,441.600000,0.000000,190,220,240,260,300,350,400,450,640,1500,2500,52831,0,190.0,207.9290775927019,41.86909999999999,2469.941200000008,78.0
1668362090,100,,Aggregated,446.700000,0.000000,190,220,240,260,300,350,400,450,640,1500,2500,53314,0,190.0,207.96550480549246,41.86909999999999,2469.941200000008,78.0
1668362091,100,,Aggregated,440.900000,0.000000,190,220,240,260,300,350,400,450,640,1500,2500,53734,0,190.0,208.0208856999298,41.86909999999999,2469.941200000008,78.0
1668362092,100,,Aggregated,447.700000,0.000000,190,220,240,260,300,350,400,450,630,1500,2500,54212,0,190.0,208.03797351693404,41.86909999999999,2469.941200000008,78.0
1668362093,100,,Aggregated,449.600000,0.000000,190,220,240,260,300,350,400,450,630,1500,2500,54680,0,190.0,208.03073022128825,41.86909999999999,2469.941200000008,78.0
1668362094,100,,Aggregated,451.500000,0.000000,190,220,240,260,300,350,400,440,630,1500,2500,55165,0,190.0,207.99518040605517,41.86909999999999,2469.941200000008,78.0
1668362095,100,,Aggregated,449.500000,0.000000,190,220,240,260,300,350,400,440,630,1500,2500,55593,0,190.0,208.01006177036717,41.86909999999999,2469.941200000008,78.0
1668362096,100,,Aggregated,454.900000,0.000000,190,220,240,260,300,350,400,440,630,1500,2500,56085,0,190.0,208.01416692698632,41.86909999999999,2469.941200000008,78.0
1668362097,100,,Aggregated,453.100000,0.000000,190,220,240,260,300,350,400,440,630,1500,2500,56569,0,190.0,207.9782246583824,41.86909999999999,2469.941200000008,78.0
1668362098,100,,Aggregated,448.300000,0.000000,190,220,240,260,300,350,400,440,630,1500,2500,57056,0,190.0,208.0044765283238,41.86909999999999,2469.941200000008,78.0
1668362099,100,,Aggregated,448.200000,0.000000,190,220,240,260,300,350,400,440,630,1500,2500,57533,0,190.0,207.9744521839649,41.86909999999999,2469.941200000008,78.0
