Timestamp,User Count,Type,Name,Requests/s,Failures/s,50%,66%,75%,80%,90%,95%,98%,99%,99.9%,99.99%,100%,Total Request Count,Total Failure Count,Total Median Response Time,Total Average Response Time,Total Min Response Time,Total Max Response Time,Total Average Content Size
1668274256,0,,Aggregated,0.000000,0.000000,N/A,N/A,N/A,N/A,N/A,N/A,N/A,N/A,N/A,N/A,N/A,0,0,0,0,0,0,0
1668274257,1,,Aggregated,0.000000,0.000000,3,3,3,3,3,4,4,5,14,14,14,284,0,3.2579999988229247,3.4226919014414103,3.2579999988229247,14.256500000556116,37.0
1668274258,2,,Aggregated,0.000000,0.000000,7,7,7,7,7,7,7,7,14,14,14,576,0,7,5.096499652792216,3.2579999988229247,14.256500000556116,37.0
1668274259,3,,Aggregated,42.000000,0.000000,7,8,10,10,10,10,10,11,14,14,14,869,0,7,6.798124741099165,3.2579999988229247,14.256500000556116,37.0
1668274260,4,,Aggregated,166.000000,0.000000,10,10,12,13,14,14,14,14,14,14,14,1160,0,10,8.502735172434203,3.2579999988229247,14.256500000556116,37.0
1668274261,5,,Aggregated,208.333333,0.000000,10,14,14,17,17,17,17,17,18,18,18,1451,0,10,10.22099944867176,3.2579999988229247,17.809099999794853,37.0
1668274262,6,,Aggregated,229.250000,0.000000,13,14,17,17,20,21,21,21,21,21,21,1742,0,12,11.929446268668022,3.2579999988229247,21.268000000418397,37.0
1668274263,7,,Aggregated,241.600000,0.000000,14,17,20,20,24,24,24,25,30,30,30,2030,0,14,13.662146945822547,3.2579999988229247,30.10270000049786,37.0
1668274264,8,,Aggregated,249.666667,0.000000,14,20,21,24,27,28,28,28,30,30,30,2318,0,14,15.393530586716555,3.2579999988229247,30.10270000049786,37.0
1668274265,9,,Aggregated,255.428571,0.000000,17,21,24,27,31,31,31,31,32,32,32,2606,0,17,17.12713986954278,3.2579999988229247,31.647400001020287,37.0
1668274266,10,,Aggregated,259.625000,0.000000,18,24,28,29,32,35,35,35,36,36,36,2892,0,18,18.864276936389263,3.2579999988229247,35.859999999956926,37.0
1668274267,11,,Aggregated,262.666667,0.000000,20,27,31,31,35,36,39,41,46,48,48,3197,0,20,20.38018955271709,3.2579999988229247,47.815199999604374,37.0
1668274268,12,,Aggregated,265.200000,0.000000,24,28,31,34,36,39,41,43,48,49,49,3510,0,24,21.802099031354377,3.2579999988229247,48.828999999386724,37.0
1668274269,13,,Aggregated,289.400000,0.000000,24,31,34,35,39,41,44,46,53,63,63,3821,0,24,23.258548913912314,3.2579999988229247,62.881300000299234,37.0
1668274270,14,,Aggregated,291.200000,0.000000,26,31,35,36,41,44,47,49,55,63,63,4137,0,26,24.682802223849897,3.2579999988229247,62.881300000299234,37.0
1668274271,15,,Aggregated,293.300000,0.000000,28,34,36,38,44,47,51,53,61,65,65,4453,0,28,26.148453132728857,3.2579999988229247,64.97690000105649,37.0
1668274272,16,,Aggregated,294.900000,0.000000,28,35,38,40,46,50,53,55,62,65,65,4774,0,28,27.534653246757706,3.2579999988229247,64.97690000105649,37.0
1668274273,17,,Aggregated,297.600000,0.000000,31,36,40,43,49,52,56,58,65,68,68,5094,0,31,29.001382940718226,3.2579999988229247,68.30340000124124,37.0
1668274274,18,,Aggregated,300.100000,0.000000,31,38,42,45,51,55,60,63,67,72,72,5414,0,31,30.46428439232215,3.2579999988229247,72.03359999948589,37.0
1668274275,19,,Aggregated,302.700000,0.000000,32,40,45,48,53,58,62,64,70,73,73,5735,0,32,31.87840167393503,3.2579999988229247,73.40169999952195,37.0
1668274276,20,,Aggregated,305.400000,0.000000,34,41,47,50,56,61,65,68,74,81,81,6054,0,34,33.38268637265133,3.2579999988229247,80.67349999873841,37.0
1668274277,21,,Aggregated,308.400000,0.000000,35,44,49,52,59,63,68,71,78,81,81,6380,0,35,34.81830542320515,3.2579999988229247,80.67349999873841,37.0
1668274278,22,,Aggregated,311.800000,0.000000,35,46,51,55,62,66,71,74,81,85,85,6698,0,35,36.3072395491304,3.2579999988229247,84.70889999989595,37.0
1668274279,23,,Aggregated,315.600000,0.000000,37,48,53,57,64,69,75,79,110,120,120,7009,0,37,37.82231673563908,3.2579999988229247,118.63939999966533,37.0
1668274280,24,,Aggregated,316.900000,0.000000,39,49,56,59,67,72,78,81,110,120,120,7332,0,39,39.29588816149791,3.2579999988229247,118.63939999966533,37.0
1668274281,25,,Aggregated,317.200000,0.000000,40,51,58,61,69,76,81,86,110,120,120,7654,0,40,40.760462620867465,3.2579999988229247,118.63939999966533,37.0
1668274282,26,,Aggregated,317.500000,0.000000,41,53,60,63,72,78,85,88,110,120,120,7973,0,41,42.202126301281744,3.2579999988229247,118.63939999966533,37.0
1668274283,27,,Aggregated,316.900000,0.000000,43,55,62,65,75,82,88,92,110,120,120,8299,0,43,43.72048035909629,3.2579999988229247,118.63939999966533,37.0
1668274284,28,,Aggregated,317.400000,0.000000,45,57,63,68,78,86,92,95,110,130,130,8617,0,45,45.17360302891083,3.2579999988229247,134.04710000031628,37.0
1668274285,29,,Aggregated,317.400000,0.000000,46,59,66,70,81,88,93,97,110,130,130,8943,0,46,46.62538257856449,3.2579999988229247,134.04710000031628,37.0
1668274287,30,,Aggregated,316.800000,0.000000,48,61,68,73,84,90,96,100,110,130,130,9268,0,48,48.080922162290385,3.2579999988229247,134.04710000031628,37.0
1668274288,31,,Aggregated,317.300000,0.000000,49,62,70,76,87,93,100,100,120,130,130,9588,0,49,49.60672002504175,3.2579999988229247,134.04710000031628,37.0
1668274289,32,,Aggregated,317.600000,0.000000,50,64,73,78,89,96,100,110,120,170,170,9907,0,50,51.08711961240557,3.2579999988229247,172.40559999845573,37.0
1668274290,33,,Aggregated,316.600000,0.000000,52,66,75,80,91,98,110,110,120,140,170,10227,0,52,52.56326695023896,3.2579999988229247,172.40559999845573,37.0
1668274291,34,,Aggregated,316.900000,0.000000,53,68,78,83,94,100,110,110,130,170,200,10550,0,53,54.076000796217876,3.2579999988229247,202.96099999904982,37.0
1668274292,35,,Aggregated,317.500000,0.000000,55,70,80,86,97,100,110,120,140,200,210,10864,0,55,55.58689205634167,3.2579999988229247,211.16319999964617,37.0
1668274293,36,,Aggregated,317.200000,0.000000,56,72,82,88,99,110,120,130,140,200,210,11187,0,56,57.12191246983905,3.2579999988229247,211.16319999964617,37.0
1668274294,37,,Aggregated,316.800000,0.000000,58,74,85,90,100,110,120,130,140,200,210,11506,0,58,58.6437957413619,3.2579999988229247,211.16319999964617,37.0
1668274295,38,,Aggregated,316.200000,0.000000,59,76,87,92,100,110,130,130,140,200,210,11819,0,59,60.1616117607335,3.2579999988229247,211.16319999964617,37.0
1668274296,39,,Aggregated,316.400000,0.000000,60,78,89,95,110,120,130,130,150,200,210,12139,0,60,61.694192940119606,3.2579999988229247,211.16319999964617,37.0
1668274297,40,,Aggregated,315.200000,0.000000,61,80,91,97,110,120,130,140,150,210,220,12458,0,61,63.229884965492374,3.2579999988229247,218.8064999991184,37.0
1668274298,41,,Aggregated,315.500000,0.000000,63,83,93,99,110,120,130,140,160,210,220,12773,0,63,64.75567597276327,3.2579999988229247,218.8064999991184,37.0
1668274299,42,,Aggregated,314.300000,0.000000,64,85,96,100,120,130,140,140,160,210,220,13085,0,64,66.32093082920012,3.2579999988229247,218.8064999991184,37.0
1668274300,43,,Aggregated,314.400000,0.000000,65,87,97,100,120,130,140,150,170,210,220,13397,0,65,67.83344535344531,3.2579999988229247,218.8064999991184,37.0
1668274301,44,,Aggregated,312.800000,0.000000,67,88,100,110,120,130,150,150,180,220,270,13727,0,67,69.41670403584985,3.2579999988229247,268.50549999835494,37.0
1668274302,45,,Aggregated,312.600000,0.000000,68,91,100,110,130,140,150,160,190,220,270,14045,0,68,71.00182717694098,3.2579999988229247,268.50549999835494,37.0
1668274303,46,,Aggregated,313.500000,0.000000,70,92,100,110,130,140,150,160,190,220,270,14361,0,70,72.5136339948568,3.2579999988229247,268.50549999835494,37.0
1668274304,47,,Aggregated,312.600000,0.000000,72,94,110,110,130,140,160,160,190,220,270,14682,0,72,74.0308607614864,3.2579999988229247,268.50549999835494,37.0
1668274305,48,,Aggregated,313.500000,0.000000,73,96,110,120,130,150,160,170,200,270,330,15012,0,73,75.52108131495633,3.2579999988229247,325.5588000010903,37.0
1668274306,49,,Aggregated,314.100000,0.000000,75,98,110,120,140,150,160,170,200,270,330,15339,0,75,77.00835103332213,3.2579999988229247,325.5588000010903,37.0
1668274307,50,,Aggregated,313.500000,0.000000,77,100,110,120,140,150,160,170,210,280,330,15667,0,77,78.5313643901279,3.2579999988229247,325.5588000010903,37.0
1668274308,51,,Aggregated,314.700000,0.000000,78,100,120,120,140,150,170,170,210,300,330,15998,0,78,80.03140824479054,3.2579999988229247,325.5588000010903,37.0
1668274309,52,,Aggregated,315.000000,0.000000,80,100,120,130,140,160,170,170,220,300,330,16326,0,80,81.57489973662652,3.2579999988229247,325.5588000010903,37.0
1668274310,53,,Aggregated,315.600000,0.000000,81,110,120,130,150,160,170,180,250,320,330,16643,0,81,83.04630317251431,3.2579999988229247,325.5588000010903,37.0
1668274311,54,,Aggregated,317.700000,0.000000,83,110,120,130,150,160,170,180,260,320,330,16953,0,83,84.5657888928297,3.2579999988229247,325.5588000010903,37.0
1668274312,55,,Aggregated,317.600000,0.000000,85,110,120,130,150,170,180,190,260,320,330,17276,0,85,86.07455415606306,3.2579999988229247,325.5588000010903,37.0
1668274313,56,,Aggregated,316.400000,0.000000,86,110,130,140,160,170,180,190,260,320,330,17597,0,86,87.63807940558902,3.2579999988229247,325.5588000010903,37.0
1668274314,57,,Aggregated,317.200000,0.000000,88,110,130,140,160,170,190,200,270,320,330,17917,0,88,89.10789067925224,3.2579999988229247,325.5588000010903,37.0
1668274315,58,,Aggregated,317.300000,0.000000,89,120,130,140,160,170,190,200,290,360,440,18232,0,89,90.51335698223772,3.2579999988229247,442.2718999994686,37.0
1668274316,59,,Aggregated,317.600000,0.000000,91,120,130,140,160,180,190,210,290,360,440,18556,0,91,92.0259369260711,3.2579999988229247,442.2718999994686,37.0
1668274317,60,,Aggregated,318.800000,0.000000,92,120,130,140,170,180,200,210,300,360,440,18872,0,92,93.46672156105136,3.2579999988229247,442.2718999994686,37.0
1668274318,61,,Aggregated,316.800000,0.000000,93,120,140,150,170,180,200,220,310,360,440,19194,0,93,94.98598750131003,3.2579999988229247,442.2718999994686,37.0
1668274319,62,,Aggregated,317.000000,0.000000,95,120,140,150,170,190,210,220,310,360,440,19526,0,95,96.50013074875301,3.2579999988229247,442.2718999994686,37.0
1668274320,63,,Aggregated,316.300000,0.000000,96,120,140,150,170,190,210,230,310,360,440,19844,0,96,97.98179476920852,3.2579999988229247,442.2718999994686,37.0
1668274321,64,,Aggregated,315.600000,0.000000,97,130,140,150,180,190,220,240,310,360,440,20162,0,97,99.37327135205729,3.2579999988229247,442.2718999994686,37.0
1668274322,65,,Aggregated,316.000000,0.000000,98,130,140,150,180,200,220,240,310,360,440,20488,0,98,101.00068380516312,3.2579999988229247,442.2718999994686,37.0
1668274323,66,,Aggregated,317.000000,0.000000,100,130,150,160,180,200,220,250,340,360,440,20810,0,100,102.62587402211297,3.2579999988229247,442.2718999994686,37.0
1668274324,67,,Aggregated,317.400000,0.000000,100,130,150,160,190,210,230,260,340,360,440,21127,0,100,103.97234145407118,3.2579999988229247,442.2718999994686,37.0
1668274325,68,,Aggregated,317.200000,0.000000,100,130,150,160,190,210,240,270,340,360,440,21453,0,100,105.50960309048394,3.2579999988229247,442.2718999994686,37.0
1668274326,69,,Aggregated,316.400000,0.000000,100,130,150,160,190,210,240,270,350,360,440,21773,0,100,107.10807130850814,3.2579999988229247,442.2718999994686,37.0
1668274327,70,,Aggregated,316.300000,0.000000,100,130,150,170,200,220,240,280,350,370,440,22094,0,100,108.52496401738559,3.2579999988229247,442.2718999994686,37.0
1668274328,71,,Aggregated,316.500000,0.000000,110,140,160,170,200,220,250,280,350,370,440,22416,0,110.0,110.12178838330395,3.2579999988229247,442.2718999994686,37.0
1668274329,72,,Aggregated,316.500000,0.000000,110,140,160,170,200,220,250,280,350,370,440,22732,0,110.0,111.61113149305615,3.2579999988229247,442.2718999994686,37.0
1668274330,73,,Aggregated,316.900000,0.000000,110,140,160,170,210,230,260,290,370,410,440,23050,0,110.0,112.9737760650822,3.2579999988229247,442.2718999994686,37.0
1668274331,74,,Aggregated,316.300000,0.000000,110,140,160,170,210,230,260,290,370,410,440,23379,0,110.0,114.68430928611635,3.2579999988229247,442.2718999994686,37.0
1668274332,75,,Aggregated,315.400000,0.000000,110,140,160,180,210,230,270,300,380,410,440,23696,0,110.0,116.1495399392349,3.2579999988229247,442.2718999994686,37.0
1668274333,76,,Aggregated,316.600000,0.000000,110,140,160,180,220,240,270,300,380,410,440,24014,0,110.0,117.74545133256109,3.2579999988229247,442.2718999994686,37.0
1668274334,77,,Aggregated,315.600000,0.000000,110,150,170,180,220,240,280,310,380,440,520,24326,0,110.0,119.15995924525632,3.2579999988229247,524.9879999992118,37.0
1668274335,78,,Aggregated,316.100000,0.000000,120,150,170,180,220,250,290,320,380,440,520,24649,0,120.0,120.76033851677971,3.2579999988229247,524.9879999992118,37.0
1668274336,79,,Aggregated,314.900000,0.000000,120,150,170,180,220,250,290,320,410,670,850,24967,0,120.0,122.01010116954772,3.2579999988229247,845.7990999995673,37.0
1668274337,80,,Aggregated,315.000000,0.000000,120,150,170,190,230,260,300,330,410,670,850,25287,0,120.0,123.6790356428244,3.2579999988229247,845.7990999995673,37.0
1668274338,81,,Aggregated,314.300000,0.000000,120,150,170,190,230,260,300,330,430,670,850,25604,0,120.0,125.21393330339386,3.2579999988229247,845.7990999995673,37.0
1668274339,82,,Aggregated,314.000000,0.000000,120,150,170,190,230,270,300,330,430,670,850,25909,0,120.0,126.52275609634077,3.2579999988229247,845.7990999995673,37.0
1668274340,83,,Aggregated,314.000000,0.000000,120,150,180,200,240,270,310,350,470,670,850,26221,0,120.0,128.3703856946757,3.2579999988229247,845.7990999995673,37.0
1668274341,84,,Aggregated,313.600000,0.000000,120,150,180,200,240,270,310,350,470,670,850,26497,0,120.0,129.5199796656265,3.2579999988229247,845.7990999995673,37.0
1668274342,85,,Aggregated,312.800000,0.000000,120,160,180,200,240,280,320,360,530,940,1100,26807,0,120.0,131.33721387324638,3.2579999988229247,1120.0453999990714,37.0
1668274343,86,,Aggregated,310.600000,0.000000,120,160,180,200,250,280,330,360,530,940,1100,27106,0,120.0,132.9095570501049,3.2579999988229247,1120.0453999990714,37.0
1668274344,87,,Aggregated,307.300000,0.000000,130,160,180,210,250,290,340,380,560,940,1100,27422,0,130.0,134.57457751076316,3.2579999988229247,1120.0453999990714,37.0
1668274345,88,,Aggregated,305.900000,0.000000,130,160,190,210,260,290,340,390,560,940,1100,27737,0,130.0,136.1679511122378,3.2579999988229247,1120.0453999990714,37.0
1668274346,89,,Aggregated,305.000000,0.000000,130,160,190,210,260,290,350,400,560,940,1100,28053,0,130.0,137.76707264107702,3.2579999988229247,1120.0453999990714,37.0
1668274347,90,,Aggregated,305.000000,0.000000,130,160,190,210,260,300,360,410,560,940,1100,28373,0,130.0,139.21890995312913,3.2579999988229247,1120.0453999990714,37.0
1668274348,91,,Aggregated,304.900000,0.000000,130,160,190,220,270,300,370,420,560,940,1100,28699,0,130.0,140.8501418586065,3.2579999988229247,1120.0453999990714,37.0
1668274349,92,,Aggregated,304.400000,0.000000,130,160,200,220,270,310,370,420,560,940,1100,29009,0,130.0,142.39884196973887,3.2579999988229247,1120.0453999990714,37.0
1668274350,93,,Aggregated,305.000000,0.000000,130,170,200,220,270,310,380,420,560,940,1100,29334,0,130.0,143.80682117679643,3.2579999988229247,1120.0453999990714,37.0
1668274352,94,,Aggregated,306.100000,0.000000,130,170,200,220,280,320,380,420,560,940,1100,29652,0,130.0,145.501410538924,3.2579999988229247,1120.0453999990714,37.0
1668274353,95,,Aggregated,306.800000,0.000000,130,170,200,220,280,320,380,420,560,940,1100,29982,0,130.0,146.8710842672337,3.2579999988229247,1120.0453999990714,37.0
1668274354,96,,Aggregated,310.500000,0.000000,130,170,200,230,290,330,390,430,560,940,1100,30296,0,130.0,148.3613813935897,3.2579999988229247,1120.0453999990714,37.0
1668274355,97,,Aggregated,310.900000,0.000000,130,170,210,230,290,330,400,430,560,940,1100,30607,0,130.0,149.94219799392945,3.2579999988229247,1120.0453999990714,37.0
1668274356,98,,Aggregated,312.600000,0.000000,130,170,210,230,290,340,400,440,560,940,1100,30928,0,130.0,151.4687721061889,3.2579999988229247,1120.0453999990714,37.0
1668274357,99,,Aggregated,312.400000,0.000000,130,170,210,230,300,340,400,440,560,940,1100,31241,0,130.0,152.96693139144756,3.2579999988229247,1120.0453999990714,37.0
1668274358,100,,Aggregated,312.500000,0.000000,140,180,210,240,300,350,420,450,560,940,1100,31524,0,140.0,154.9526180180245,3.2579999988229247,1120.0453999990714,37.0
1668274359,100,,Aggregated,312.800000,0.000000,140,180,220,240,310,360,420,470,590,940,1100,31820,0,140.0,156.45621484915858,3.2579999988229247,1120.0453999990714,37.0
1668274360,100,,Aggregated,308.700000,0.000000,140,180,220,240,310,360,420,470,590,940,1100,32138,0,140.0,158.1009973707215,3.2579999988229247,1120.0453999990714,37.0
1668274361,100,,Aggregated,306.400000,0.000000,140,180,220,250,320,370,420,470,590,940,1100,32451,0,140.0,159.6780241595094,3.2579999988229247,1120.0453999990714,37.0
1668274362,100,,Aggregated,307.500000,0.000000,140,180,220,250,320,370,430,470,590,940,1100,32770,0,140.0,160.80479600244922,3.2579999988229247,1120.0453999990714,37.0
1668274363,100,,Aggregated,305.900000,0.000000,140,180,220,250,320,370,430,470,600,940,1100,33085,0,140.0,162.36655926251356,3.2579999988229247,1120.0453999990714,37.0
1668274364,100,,Aggregated,306.100000,0.000000,140,190,230,260,320,370,430,480,600,940,1100,33408,0,140.0,163.63470390326464,3.2579999988229247,1120.0453999990714,37.0
1668274365,100,,Aggregated,305.000000,0.000000,140,190,230,260,330,380,440,480,600,940,1100,33721,0,140.0,165.08253864951413,3.2579999988229247,1120.0453999990714,37.0
1668274366,100,,Aggregated,305.900000,0.000000,140,190,230,260,330,380,440,490,600,940,1100,34040,0,140.0,166.20660614278162,3.2579999988229247,1120.0453999990714,37.0
1668274367,100,,Aggregated,304.600000,0.000000,140,190,230,270,330,380,440,490,620,940,1100,34360,0,140.0,167.73088894936814,3.2579999988229247,1120.0453999990714,37.0
1668274368,100,,Aggregated,305.300000,0.000000,140,190,240,270,330,380,440,490,620,940,1100,34678,0,140.0,169.08969296673172,3.2579999988229247,1120.0453999990714,37.0
1668274369,100,,Aggregated,304.100000,0.000000,150,190,240,270,330,390,440,500,700,940,1100,34998,0,150.0,169.94730334877173,3.2579999988229247,1120.0453999990714,37.0
1668274370,100,,Aggregated,308.200000,0.000000,150,190,240,270,340,390,450,510,720,940,1100,35317,0,150.0,171.3398255061391,3.2579999988229247,1120.0453999990714,37.0
1668274371,100,,Aggregated,310.600000,0.000000,150,200,240,280,340,390,450,510,720,940,1100,35635,0,150.0,172.70871319770822,3.2579999988229247,1120.0453999990714,37.0
1668274372,100,,Aggregated,309.300000,0.000000,150,200,240,280,340,390,460,510,730,940,1100,35959,0,150.0,173.82911354877288,3.2579999988229247,1120.0453999990714,37.0
1668274373,100,,Aggregated,311.900000,0.000000,150,200,250,280,340,400,460,510,730,940,1100,36285,0,150.0,175.02051206008878,3.2579999988229247,1120.0453999990714,37.0
1668274374,100,,Aggregated,311.100000,0.000000,150,200,250,290,350,400,460,510,730,940,1100,36593,0,150.0,176.2467215013884,3.2579999988229247,1120.0453999990714,37.0
1668274375,100,,Aggregated,311.900000,0.000000,150,200,250,290,350,400,470,510,730,940,1100,36910,0,150.0,177.35595577892997,3.2579999988229247,1120.0453999990714,37.0
1668274376,100,,Aggregated,310.700000,0.000000,150,200,260,290,350,400,470,510,730,940,1100,37231,0,150.0,178.5192380382019,3.2579999988229247,1120.0453999990714,37.0
1668274377,100,,Aggregated,310.600000,0.000000,150,210,260,300,350,400,470,510,730,940,1100,37548,0,150.0,179.75932874721218,3.2579999988229247,1120.0453999990714,37.0
1668274378,100,,Aggregated,311.800000,0.000000,150,210,260,300,350,410,470,510,730,940,1100,37865,0,150.0,180.7283847273295,3.2579999988229247,1120.0453999990714,37.0
1668274379,100,,Aggregated,312.400000,0.000000,150,210,270,300,350,410,470,510,730,940,1100,38185,0,150.0,181.78707467592878,3.2579999988229247,1120.0453999990714,37.0
1668274380,100,,Aggregated,311.900000,0.000000,150,210,270,300,350,410,470,510,730,940,1100,38506,0,150.0,182.85541076975954,3.2579999988229247,1120.0453999990714,37.0
1668274381,100,,Aggregated,311.800000,0.000000,150,210,270,310,360,410,470,510,730,940,1100,38825,0,150.0,183.8051403116641,3.2579999988229247,1120.0453999990714,37.0
1668274382,100,,Aggregated,312.800000,0.000000,150,220,280,310,360,410,470,510,730,940,1100,39134,0,150.0,185.03993447642367,3.2579999988229247,1120.0453999990714,37.0
1668274383,100,,Aggregated,312.600000,0.000000,150,220,280,310,360,410,470,510,730,940,1100,39452,0,150.0,185.89529990115557,3.2579999988229247,1120.0453999990714,37.0
1668274384,100,,Aggregated,312.300000,0.000000,150,220,280,310,360,410,470,510,730,940,1100,39778,0,150.0,187.0259390064959,3.2579999988229247,1120.0453999990714,37.0
1668274385,100,,Aggregated,312.300000,0.000000,160,220,280,310,360,420,470,510,720,940,1100,40100,0,160.0,187.9563502394116,3.2579999988229247,1120.0453999990714,37.0
1668274386,100,,Aggregated,313.600000,0.000000,160,220,290,310,360,420,470,510,720,940,1100,40418,0,160.0,188.93039613786942,3.2579999988229247,1120.0453999990714,37.0
1668274387,100,,Aggregated,314.200000,0.000000,160,220,290,310,360,420,470,510,720,940,1100,40736,0,160.0,189.8085803343577,3.2579999988229247,1120.0453999990714,37.0
1668274388,100,,Aggregated,313.200000,0.000000,160,230,290,320,370,420,470,510,710,940,1100,41049,0,160.0,190.57507601891388,3.2579999988229247,1120.0453999990714,37.0
1668274389,100,,Aggregated,313.500000,0.000000,160,230,300,320,370,420,470,520,710,940,1100,41350,0,160.0,191.69776914148446,3.2579999988229247,1120.0453999990714,37.0
1668274390,100,,Aggregated,313.700000,0.000000,160,230,300,320,370,420,470,520,710,940,1100,41663,0,160.0,192.41951398123916,3.2579999988229247,1120.0453999990714,37.0
1668274391,100,,Aggregated,313.200000,0.000000,160,230,300,320,370,420,470,520,710,940,1100,41987,0,160.0,193.39690047158294,3.2579999988229247,1120.0453999990714,37.0
1668274392,100,,Aggregated,310.800000,0.000000,160,230,300,320,370,420,470,520,700,940,1100,42306,0,160.0,194.245424133701,3.2579999988229247,1120.0453999990714,37.0
1668274393,100,,Aggregated,311.100000,0.000000,160,230,300,320,370,420,480,530,700,940,1100,42630,0,160.0,195.10600227070975,3.2579999988229247,1120.0453999990714,37.0
1668274394,100,,Aggregated,311.600000,0.000000,160,240,300,320,370,420,480,520,700,940,1100,42954,0,160.0,196.01798422266504,3.2579999988229247,1120.0453999990714,37.0
1668274395,100,,Aggregated,311.500000,0.000000,160,240,310,320,380,420,480,520,700,940,1100,43276,0,160.0,196.94744493253435,3.2579999988229247,1120.0453999990714,37.0
1668274396,100,,Aggregated,312.000000,0.000000,160,240,310,320,370,420,480,520,720,940,1100,43593,0,160.0,197.27277389260553,3.2579999988229247,1120.0453999990714,37.0
1668274397,100,,Aggregated,311.100000,0.000000,160,240,310,320,380,420,480,530,790,940,1100,43901,0,160.0,198.4300578961833,3.2579999988229247,1120.0453999990714,37.0
1668274398,100,,Aggregated,310.800000,0.000000,160,240,310,320,380,420,480,530,790,940,1100,44232,0,160.0,198.97761758682307,3.2579999988229247,1120.0453999990714,37.0
1668274399,100,,Aggregated,311.100000,0.000000,160,240,310,320,380,430,480,540,790,940,1100,44531,0,160.0,199.79127169163849,3.2579999988229247,1120.0453999990714,37.0
1668274400,100,,Aggregated,308.800000,0.000000,160,250,310,330,380,430,490,540,790,940,1100,44850,0,160.0,200.5792667246452,3.2579999988229247,1120.0453999990714,37.0
1668274401,100,,Aggregated,310.700000,0.000000,160,250,310,330,380,430,490,540,790,940,1100,45166,0,160.0,201.37059718372964,3.2579999988229247,1120.0453999990714,37.0
1668274403,100,,Aggregated,310.600000,0.000000,170,250,310,330,380,430,490,530,790,940,1100,45480,0,170.0,202.11775240546027,3.2579999988229247,1120.0453999990714,37.0
1668274404,100,,Aggregated,310.800000,0.000000,170,250,310,330,390,430,480,530,790,940,1100,45812,0,170.0,202.9315895136725,3.2579999988229247,1120.0453999990714,37.0
1668274405,100,,Aggregated,311.300000,0.000000,170,260,310,330,390,430,480,530,790,940,1100,46142,0,170.0,203.56912027654562,3.2579999988229247,1120.0453999990714,37.0
1668274406,100,,Aggregated,310.600000,0.000000,170,260,310,330,390,430,490,530,790,940,1100,46456,0,170.0,204.4667939297483,3.2579999988229247,1120.0453999990714,37.0
1668274407,100,,Aggregated,312.200000,0.000000,170,260,310,330,390,430,490,540,790,940,1100,46777,0,170.0,205.07320929517462,3.2579999988229247,1120.0453999990714,37.0
1668274408,100,,Aggregated,311.900000,0.000000,170,260,320,330,390,430,490,540,790,940,1100,47099,0,170.0,205.64038016306972,3.2579999988229247,1120.0453999990714,37.0
1668274409,100,,Aggregated,311.800000,0.000000,170,270,320,330,390,430,490,540,790,940,1100,47416,0,170.0,206.49263141345534,3.2579999988229247,1120.0453999990714,37.0
1668274410,100,,Aggregated,313.600000,0.000000,170,270,320,330,390,430,490,540,790,940,1100,47744,0,170.0,207.08027410565532,3.2579999988229247,1120.0453999990714,37.0
1668274411,100,,Aggregated,312.900000,0.000000,170,270,320,330,390,430,490,540,790,940,1100,48072,0,170.0,207.8198037547931,3.2579999988229247,1120.0453999990714,37.0
1668274412,100,,Aggregated,316.000000,0.000000,170,270,320,330,390,430,490,540,790,940,1100,48394,0,170.0,208.42865542216836,3.2579999988229247,1120.0453999990714,37.0
1668274413,100,,Aggregated,315.400000,0.000000,170,270,320,330,390,440,490,540,790,940,1100,48715,0,170.0,209.13979819358346,3.2579999988229247,1120.0453999990714,37.0
1668274414,100,,Aggregated,316.100000,0.000000,170,280,320,330,400,440,490,540,790,940,1100,49031,0,170.0,209.78086047195478,3.2579999988229247,1120.0453999990714,37.0
1668274415,100,,Aggregated,314.700000,0.000000,170,280,320,330,400,440,490,540,790,940,1100,49356,0,170.0,210.45266414013378,3.2579999988229247,1120.0453999990714,37.0
1668274416,100,,Aggregated,315.100000,0.000000,170,280,320,340,400,440,490,540,790,940,1100,49674,0,170.0,211.01463468616285,3.2579999988229247,1120.0453999990714,37.0
1668274417,100,,Aggregated,314.400000,0.000000,170,280,320,340,400,440,490,540,790,940,1100,49999,0,170.0,211.6013964799391,3.2579999988229247,1120.0453999990714,37.0
1668274418,100,,Aggregated,314.500000,0.000000,170,280,320,340,400,440,490,540,790,900,1100,50320,0,170.0,212.2408930862579,3.2579999988229247,1120.0453999990714,37.0
1668274419,100,,Aggregated,314.900000,0.000000,170,290,320,340,400,440,490,540,790,900,1100,50634,0,170.0,212.9125470197989,3.2579999988229247,1120.0453999990714,37.0
1668274420,100,,Aggregated,315.500000,0.000000,180,290,320,340,400,440,500,540,790,900,1100,50953,0,180.0,213.47896511295727,3.2579999988229247,1120.0453999990714,37.0
1668274421,100,,Aggregated,315.200000,0.000000,180,290,320,340,400,440,500,540,790,900,1100,51258,0,180.0,214.02673992743613,3.2579999988229247,1120.0453999990714,37.0
1668274422,100,,Aggregated,314.300000,0.000000,180,290,320,340,400,440,500,540,790,900,1100,51576,0,180.0,214.68072974058697,3.2579999988229247,1120.0453999990714,37.0
1668274423,100,,Aggregated,311.700000,0.000000,180,290,320,340,400,440,500,540,790,900,1100,51899,0,180.0,215.320400526031,3.2579999988229247,1120.0453999990714,37.0
1668274424,100,,Aggregated,311.000000,0.000000,180,290,320,340,400,450,500,540,780,900,1100,52217,0,180.0,215.9589958212932,3.2579999988229247,1120.0453999990714,37.0
1668274425,100,,Aggregated,311.900000,0.000000,180,290,320,340,400,450,500,540,780,900,1100,52537,0,180.0,216.30894237585784,3.2579999988229247,1120.0453999990714,37.0
1668274426,100,,Aggregated,311.200000,0.000000,180,300,320,340,400,450,500,540,780,900,1100,52855,0,180.0,217.01610171034787,3.2579999988229247,1120.0453999990714,37.0
1668274427,100,,Aggregated,310.800000,0.000000,180,300,330,340,400,450,500,540,780,900,1100,53177,0,180.0,217.52594398142853,3.2579999988229247,1120.0453999990714,37.0
1668274428,100,,Aggregated,310.900000,0.000000,180,300,330,340,400,450,500,540,780,900,1100,53489,0,180.0,218.04233467255747,3.2579999988229247,1120.0453999990714,37.0
1668274429,100,,Aggregated,310.300000,0.000000,180,300,330,340,400,450,500,540,780,900,1100,53790,0,180.0,218.72311836401647,3.2579999988229247,1120.0453999990714,37.0